{"cameraMode":{"drawMode":0,"name":"Shaded","section":"Shading Mode"},"sceneLighting":false,"audioPlay":false,"sceneViewState":{"showFog":true,"showMaterialUpdate":false,"showSkybox":false,"showFlares":true,"showImageEffects":true,"showParticleSystems":true},"in2DMode":false,"pivot":{"x":44.12971115112305,"y":19.456298828125,"z":-0.3044184446334839},"rotation":{"x":-0.061215486377477649,"y":0.8320757746696472,"z":-0.09375954419374466,"w":-0.5432485342025757},"size":49.07257843017578,"orthographic":false}